project,title,platform,date,views
Song,where does the train go,soundcloud,2025-01-01,1405
Song,Demon Family,soundcloud,2025-02-01,5003
Song,No one knows,soundcloud,2025-01-01,2640
Song,I jump on a train,soundcloud,2025-01-01,1269
Song,From island to the land,soundcloud,2025-02-01,227
Song,Time no longer dares to pry,soundcloud,2025-01-01,204
Song,Ivy,soundcloud,2025-01-01,2378
Song,Even though,soundcloud,2025-01-01,199
Song,This time,soundcloud,2025-01-01,280
Song,Knocking On the Door,soundcloud,2025-01-01,231
Song,Do you want the change,soundcloud,2025-01-01,126
Song,Knocking On your Door,soundcloud,2025-01-01,145
Song,Rain,soundcloud,2025-01-01,172
Song,I am leaving here today,soundcloud,2025-01-01,218
Song,The last time I was here,soundcloud,2025-01-01,160
Song,Same Star,soundcloud,2025-01-01,147
Song,Falling from the sky,soundcloud,2025-01-01,2606
Song,Look up when drown,soundcloud,2025-01-01,1408
Song,The Bridge,soundcloud,2025-01-01,2237
Song,Bus and slopes,soundcloud,2025-01-01,175
Song,Scrolls by your side,soundcloud,2025-01-01,139
Song,Ancient Manuscripts,soundcloud,2025-01-01,217
Song,No longer mine,soundcloud,2025-01-01,221
Song,On Christmas Eve,soundcloud,2025-01-01,2197
Song,Fireside Chat,soundcloud,2025-01-01,170
Song,永恒幻境,soundcloud,2025-01-01,2765
Song,恶魔兄妹,soundcloud,2025-01-01,1960
Song,只是走错了方向,soundcloud,2025-01-01,2278
Song,魔法师的水晶球,soundcloud,2025-01-01,1491
Song,酒吧对话,soundcloud,2025-01-01,2212
Song,下棋,soundcloud,2025-01-01,2171
Song,年末雪,soundcloud,2025-01-01,1863
Song,必经之路,soundcloud,2025-01-01,1976
Song,望月寻光,soundcloud,2025-01-01,1291
Song,I hate the rain,soundcloud,2025-01-01,2368
Song,你说下雨时,soundcloud,2025-01-01,182
Song,He tell me about the past and future,soundcloud,2025-01-01,159
Song,魔法师,soundcloud,2025-01-01,166
Song,四季,soundcloud,2025-01-01,1107